"CREATURES";;;;;")";;;;;;;;;;;;;;;;;;;;;;;;;;;;;;;;;;;;;;;;;;;;;;;;;;;;;;;;;;;;;;;;;;;;;;;;;
;1;2;3;4;5;6;7;8;9;10;11;12;13;14;15;16;17;18;19;20;21;22;23;24;25;26;27;28;29;30;31;32;33;34;35;36;37;38;39;40;41;42;43;44;45;46;47;48;49;50;51;52;53;54;55;56;57;58;59;60;61;62;63;64;65;66;67;68;69;70;71;72;73;74;75;76;77;78
"Nom";"Malun";"Femun";"Toby";"Waza";"Alice";"Ralph";"Nova";"Bibi";"Bimbo";"Eva";"Virga";"Loana";"Laure";"Bobby";"Mike";"Steph";"Lara";"Angela";"Sarah";"Marcus";"Buffy";"Angel";"Paula";"Peter";"Valentine";"Ender";"Petra";"Tuck";"Kenza";"Jason";"Lou";"Sean";"Colin";"Dave";"Ben";"Clara";"Steevy";"Diana";"Nana";"Fucky";"Alima";"Danny";"Cola";"Coca";"Monica";"Pepsi";"Mail";"Wanda";"Ganja";"Quint";"Joker";"Ken";"Blanka";"Banga";"Bahun";"Kah";"Kahde";"Bastet";"Isis";"Osiris";"Sekhmet";"Horus";"Shit";"Anubis";"Nout";"Theti";"Cleopatra";"God";"Amon";"Nefer";"Nefari";"Nefertiti";"Seth";"Apopis";"Min";"Mina";"<sansnom>";"Chia"
"sexe";1;2;1;1;2;1;2;1;1;2;2;2;2;1;1;1;2;2;2;1;2;1;2;1;2;1;2;1;2;1;2;1;1;1;1;2;1;2;2;2;2;1;2;2;2;1;1;2;2;1;1;1;2;2;1;1;1;2;2;1;2;1;1;1;2;2;2;1;1;2;2;2;1;1;1;1;2;2
"génération";1;1;2;2;2;2;2;3;3;1;3;4;3;3;4;4;4;5;4;4;5;4;4;5;6;5;5;6;7;6;6;6;8;7;8;7;7;8;7;8;9;8;9;9;9;8;10;9;10;10;9;10;11;10;11;10;11;11;12;12;12;13;12;13;14;13;15;1;15;16;14;16;14;16;15;17;15;16
"code";1180;1581;1378;1455;1260;1170;1226;1138;1463;1574;1183;1146;1408;1241;1138;1066;1733;1481;1262;1428;1104;1340;1309;1333;1183;1358;1428;1146;1333;1451;1346;1340;1333;1259;1451;1358;1121;1308;1340;1333;1308;1366;1121;1424;1308;1246;1359;1308;1377;1404;1320;1308;1359;1204;1323;1359;1377;1359;1311;1173;1308;1173;1415;1214;1424;1111;1224;1628;1424;1173;1346;1295;1288;1373;1378;1617;"-";1224
"ID";"6BAD";"7RMN";"4BLS";"7ESX";"0QTF";"8PLA";"5PWJ";"1IET";"2TTE";"7WKO";"4XTO";"8BJX";"1SAB";"8EKC";"5XTQ";"0DNX";"2LFG";"5HHO";"4WJI";"7TOB";"4CSK";"5EXE";"6DJE";"5FZM";"4XLH";"8CEB";"5XDT";"0WKW";"0EKI";"6OAT";"6AFR";"6XSB";"0GSH";"1HIZ";"4KGT";"6DCY";"8ARU";"9PST";"1TVM";"0SFQ";"1ATH";"8DSH";"9BKB";"5QIZ";"5XCE";"1KLA";"8PTH";"3FHJ";"0CFZ";"9HYB";"0UBY";"6YOL";"1LYO";"3QBR";"3AQO";"3LLO";"0QIU";"6MDX";"9OIZ";"5ANG";"8GKF";"6NGJ";"7TFO";"2XFP";"5LEN";"5HSF";"6MFQ";"5RCQ";"0AWL";"9LMK";"2KGG";"6ZJE";"1SHD";"6YJC";"9CWE";"8HRY";"5CBL";"0CMG"
"nb gènes";264;267;264;264;267;264;267;264;264;267;267;267;267;264;264;264;267;267;267;264;267;264;267;264;267;264;267;264;267;264;267;264;264;264;264;267;265;267;267;267;267;264;267;267;268;264;264;267;267;264;264;264;267;267;264;265;264;267;267;264;267;264;264;264;267;267;267;264;263;267;267;267;264;263;264;267;267;267
"Nucléotides";2112;2136;2112;2112;2136;2112;2136;2112;2112;2136;2136;2136;2136;2112;2112;2112;2136;2136;2136;2112;2136;2112;2136;2112;2136;2112;2136;2112;2136;2112;2136;2112;2112;2112;2112;2136;2120;2136;2136;2136;2136;2112;2136;2136;2144;2112;2112;2136;2136;2112;2112;2112;2136;2136;2112;2120;2112;2136;2136;2112;2136;2112;2112;2112;2136;2136;2136;2112;2104;2136;2136;2136;2112;2104;2112;2136;2136;2136
"N/G";8;8;8;8;8;8;8;8;8;8;8;8;8;8;8;8;8;8;8;8;8;8;8;8;8;8;8;8;8;8;8;8;8;8;8;8;8;8;8;8;8;8;8;8;8;8;8;8;8;8;8;8;8;8;8;8;8;8;8;8;8;8;8;8;8;8;8;8;8;8;8;8;8;8;8;8;8;8
"Recepteurs CH";40;42;40;40;42;40;42;40;40;42;42;42;42;40;40;40;42;42;42;40;42;40;42;40;42;40;42;40;42;40;42;40;40;40;40;42;40;42;42;42;42;40;42;42;42;40;40;42;42;40;40;40;42;42;40;40;40;42;42;40;42;40;40;40;42;42;42;40;40;42;42;42;40;40;40;42;42;42
;320;336;320;320;336;320;336;320;320;336;336;336;336;320;320;320;336;336;336;320;336;320;336;320;336;320;336;320;336;320;336;320;320;320;320;336;320;336;336;336;336;320;336;336;336;320;320;336;336;320;320;320;336;336;320;320;320;336;336;320;336;320;320;320;336;336;336;320;320;336;336;336;320;320;320;336;336;336
"Emetteurs CH";22;24;22;22;24;22;24;22;22;24;24;24;24;22;22;22;24;24;24;22;24;22;24;22;24;22;24;22;24;22;24;22;22;22;22;24;23;24;24;24;24;22;24;24;24;22;22;24;24;22;22;22;24;24;22;22;22;24;24;22;24;22;22;22;24;24;24;22;21;24;24;24;22;21;22;24;24;24
;176;192;176;176;192;176;192;176;176;192;192;192;192;176;176;176;192;192;192;176;192;176;192;176;192;176;192;176;192;176;192;176;176;176;176;192;184;192;192;192;192;176;192;192;192;176;176;192;192;176;176;176;192;192;176;176;176;192;192;176;192;176;176;176;192;192;192;176;168;192;192;192;176;168;176;192;192;192
"Reactions CH";55;56;55;55;56;55;56;55;55;56;56;56;56;55;55;55;56;56;56;55;56;55;56;55;56;55;56;55;56;55;56;55;55;55;55;56;55;56;56;56;56;55;56;56;57;55;55;56;56;55;55;55;56;56;55;56;55;56;56;55;56;55;55;55;56;56;56;55;55;56;56;56;55;55;55;56;56;56
;440;448;440;440;448;440;448;440;440;448;448;448;448;440;440;440;448;448;448;440;448;440;448;440;448;440;448;440;448;440;448;440;440;440;440;448;440;448;448;448;448;440;448;448;456;440;440;448;448;440;440;440;448;448;440;448;440;448;448;440;448;440;440;440;448;448;448;440;440;448;448;448;440;440;440;448;448;448
"Apparence";4;4;4;4;4;4;4;4;4;4;4;4;4;4;4;4;4;4;4;4;4;4;4;4;4;4;4;4;4;4;4;4;4;4;4;4;4;4;4;4;4;4;4;4;4;4;4;4;4;4;4;4;4;4;4;4;4;4;4;4;4;4;4;4;4;4;4;4;4;4;4;4;4;4;4;4;4;4
;32;32;32;32;32;32;32;32;32;32;32;32;32;32;32;32;32;32;32;32;32;32;32;32;32;32;32;32;32;32;32;32;32;32;32;32;32;32;32;32;32;32;32;32;32;32;32;32;32;32;32;32;32;32;32;32;32;32;32;32;32;32;32;32;32;32;32;32;32;32;32;32;32;32;32;32;32;32
"Posture";104;104;104;104;104;104;104;104;104;104;104;104;104;104;104;104;104;104;104;104;104;104;104;104;104;104;104;104;104;104;104;104;104;104;104;104;104;104;104;104;104;104;104;104;104;104;104;104;104;104;104;104;104;104;104;104;104;104;104;104;104;104;104;104;104;104;104;104;104;104;104;104;104;104;104;104;104;104
;832;832;832;832;832;832;832;832;832;832;832;832;832;832;832;832;832;832;832;832;832;832;832;832;832;832;832;832;832;832;832;832;832;832;832;832;832;832;832;832;832;832;832;832;832;832;832;832;832;832;832;832;832;832;832;832;832;832;832;832;832;832;832;832;832;832;832;832;832;832;832;832;832;832;832;832;832;832
"Démarche";8;8;8;8;8;8;8;8;8;8;8;8;8;8;8;8;8;8;8;8;8;8;8;8;8;8;8;8;8;8;8;8;8;8;8;8;8;8;8;8;8;8;8;8;8;8;8;8;8;8;8;8;8;8;8;8;8;8;8;8;8;8;8;8;8;8;8;8;8;8;8;8;8;8;8;8;8;8
;64;64;64;64;64;64;64;64;64;64;64;64;64;64;64;64;64;64;64;64;64;64;64;64;64;64;64;64;64;64;64;64;64;64;64;64;64;64;64;64;64;64;64;64;64;64;64;64;64;64;64;64;64;64;64;64;64;64;64;64;64;64;64;64;64;64;64;64;64;64;64;64;64;64;64;64;64;64
"Instincts";19;17;19;19;17;19;17;19;19;17;17;17;17;19;19;19;17;17;17;19;17;19;17;19;17;19;17;19;17;19;17;19;19;19;19;17;19;17;17;17;17;19;17;17;17;19;19;17;17;19;19;19;17;17;19;19;19;17;17;19;17;19;19;19;17;17;17;19;19;17;17;17;19;19;19;17;17;17
;152;136;152;152;136;152;136;152;152;136;136;136;136;152;152;152;136;136;136;152;136;152;136;152;136;152;136;152;136;152;136;152;152;152;152;136;152;136;136;136;136;152;136;136;136;152;152;136;136;152;152;152;136;136;152;152;152;136;136;152;136;152;152;152;136;136;136;152;152;136;136;136;152;152;152;136;136;136
"Pigments";12;12;12;12;12;12;12;12;12;12;12;12;12;12;12;12;12;12;12;12;12;12;12;12;12;12;12;12;12;12;12;12;12;12;12;12;12;12;12;12;12;12;12;12;12;12;12;12;12;12;12;12;12;12;12;12;12;12;12;12;12;12;12;12;12;12;12;12;12;12;12;12;12;12;12;12;12;12
;96;96;96;96;96;96;96;96;96;96;96;96;96;96;96;96;96;96;96;96;96;96;96;96;96;96;96;96;96;96;96;96;96;96;96;96;96;96;96;96;96;96;96;96;96;96;96;96;96;96;96;96;96;96;96;96;96;96;96;96;96;96;96;96;96;96;96;96;96;96;96;96;96;96;96;96;96;96
"Lobes";9;9;9;9;9;9;9;9;9;9;9;9;9;9;9;9;9;9;9;9;9;9;9;9;9;9;9;9;9;9;9;9;9;9;9;9;9;9;9;9;9;9;9;9;9;9;9;9;9;9;9;9;9;9;9;9;9;9;9;9;9;9;9;9;9;9;9;9;9;9;9;9;9;9;9;9;9;9
;954;954;954;954;954;954;954;954;954;954;954;954;954;954;954;954;954;954;954;954;954;954;954;954;954;954;954;954;954;954;954;954;954;954;954;954;954;954;954;954;954;954;954;954;954;954;954;954;954;954;954;954;954;954;954;954;954;954;954;954;954;954;954;954;954;954;954;954;954;954;954;954;954;954;954;954;954;954
"Yeux";1;0;1;0;2;0;2;1;0;1;2;0;1;0;1;0;1;0;0;0;2;2;0;0;0;1;0;0;0;0;2;0;0;1;0;2;0;0;0;0;0;1;0;0;0;0;0;0;0;0;0;0;0;0;0;"?";0;0;0;0;0;0;0;0;0;0;0;1;0;0;0;2;0;0;1;2;0;0
"Cheveux";1;2;1;0;1;0;1;1;0;0;1;2;2;2;1;2;0;1;1;2;1;2;1;2;1;1;1;2;1;2;1;2;1;1;2;1;2;2;2;2;2;1;2;2;2;2;2;2;2;2;2;2;2;2;2;2;2;2;2;2;2;2;2;2;2;2;2;1;2;2;2;1;2;2;1;1;2;2
"Oreilles";0;1;0;1;2;1;2;0;1;0;2;1;0;1;0;1;0;1;1;1;2;0;1;1;1;0;1;1;1;1;2;1;1;0;1;2;1;1;1;1;1;0;1;1;1;1;1;1;1;1;1;1;1;1;1;1;1;1;1;1;1;1;1;1;1;1;1;0;1;1;1;2;1;1;0;2;1;1
"Postérieur";1;0;1;0;0;1;0;1;0;0;0;1;0;1;1;1;0;0;1;1;1;1;1;1;1;1;1;1;1;1;1;1;1;0;1;1;0;0;1;1;0;1;0;1;0;0;0;0;1;1;1;1;1;0;1;0;1;1;1;1;1;1;1;1;1;1;1;-1;1;1;-1;-1;-1;1;-1;-1;-1;1
"Bras";1;0;1;0;0;1;0;1;0;0;0;1;0;1;1;1;0;0;1;1;1;1;1;1;1;1;1;1;1;1;1;1;1;1;1;1;1;1;1;1;1;1;1;1;1;1;1;1;1;1;1;1;1;1;1;1;1;1;1;1;0;1;1;1;1;1;1;1;1;1;1;1;1;1;1;1;1;1
"Queue";1;0;1;1;0;1;0;1;0;0;0;1;0;1;1;1;0;0;1;0;1;1;1;1;1;1;1;0;1;1;1;1;1;1;1;1;0;1;1;1;1;1;0;1;1;0;1;0;0;0;0;0;1;1;0;0;0;1;0;0;1;0;0;0;1;0;1;1;0;0;0;1;0;0;0;1;0;0
;;;;;;;;;;;;;;;;;;;;;;;;;;;;;;;;;;;;;;;;;;;;;;;;;;;;;;;;;;;;;;;;;;;;;;;;;;;;;;
"Parents";"/";"/";"7MRN/6BAD";"7MRN/6BAD";"7MRN/6BAD";"7MRN/6BAD";"7MRN/6BAD";"0QTF/6BAD";"7MRN/4BLS";"/";"0QTF/4BLS";"4XTO/2TTE";"7WKO/8PLA";"7WKO/8PLA";"4XTO/1IET";"1SAB/8PLA";"7WKO/2TTE";"8BJX/2TTE";"1SAB/2TTE";"7WKO/2TTE";"8BJX/5XTQ";"1SAB/8EKC";"1SAB/8EKC";"8BJX/8EKC";"5HHO/ODNX";"2LFG/5XTQ";"4WJI/7TOB";"5HHO/5XTQ";"4XLH/5FZM";"6DJE/5FZM";"5XDT/8CEB";"4WJI/5FZM";"0EKI/5FZM";"4XLH/8CEB";"OEKI/6OAT";"6AFR/8CEB";"4XLH/0WKW";"0EKI/1HIZ";"5XDT/6XSB";"0EKI/1HIZ";"9PST/0GSH";"6DCY/1HIZ";"9PST/8ARU";"6DCY/0GSH";"9PST/4KGT";"6DCY/8ARU";"1ATH/8DSH";"9PST/4KGT";"1ATH/8DSH";"5QIZ/1KLA";"1TVM/8DSH";"5XCE/1KLA";"5QIZ/8PTH";"5QIZ/1KLA";"0CFZ/0UBY";"5XCE/0UBY";"0CFZ/6YOL";"3FHJ/8PTH";"3QBR/0QIU";"3QBR/3AQO";"6MDX/6YOL";"9OIZ/5ANG";"3QBR/0QIU";"9OIZ/5ANG";"6MDX/6NGJ";"9OIZ/5ANG";"5LEN/6NGJ";"/";"5LEN/6NGJ";"6MFQ/6NGJ";"5HSF/5RCQ";"6MFQ/5RCQ";"5HSF/5RCQ";"5HSF/0AWL";"2KGG/5RCQ";"9LMK/5RCQ";"2KGG/1SHD";"9LMK/0AWL"
"Naiss";0:05:00;0:08:00;2:05:00;2:48:00;3:34:00;4:18:00;5:12:00;5:37:00;6:12:00;6:13:00;6:48:00;8:00:00;8:11:00;8:42:00;8:45:00;9:06:00;9:09:00;9:33:00;9:33:00;9:56:00;10:19:00;10:24:00;10:43:00;11:14:00;11:38:00;11:38:00;12:23:00;13:14:00;13:21:00;14:24:00;14:24:00;15:30:00;15:37:00;15:42:00;16:27:00;16:27:00;16:52:00;17:07:00;17:35:00;17:36:00;18:26:00;18:37:00;18:58:00;19:08:00;19:44:00;19:57:00;20:16:00;20:16:00;20:36:00;21:03:00;21:11:00;21:27:00;22:14:00;22:34:00;22:46:00;23:19:00;23:29:00;23:59:00;24:34:00;25:19:00;25:33:00;26:27:00;26:30:00;27:15:00;27:42:00;28:01:00;29:07:00;29:40:00;30:16:00;31:06:00;31:18:00;31:33:00;31:44:00;31:19:00;32:47:00;32:58:00;33:33:00;33:37:00
"Mort";6:10:00;6:10:00;7:38:00;9:01:00;6:53:00;9:07:00;8:08:00;9:11:00;10:18:00;10:17:00;8:46:00;11:09:00;11:16:00;11:08:00;12:17:00;12:56:00;12:55:00;14:02:00;14:03:00;15:07:00;15:17:00;15:17:00;16:21:00;16:22:00;16:47:00;16:47:00;17:28:00;18:28:00;18:05:00;18:30:00;18:30:00;19:01:00;19:13:00;19:13:00;20:10:00;20:10:00;20:10:00;20:10:00;21:10:00;21:10:00;21:10:00;21:58:00;21:36:00;22:53:00;23:25:00;23:27:00;24:19:00;24:19:00;23:35:00;25:12:00;25:14:00;25:57:00;26:16:00;26:49:00;26:50:00;23:20:00;26:49:00;28:01:00;28:34:00;29:16:00;29:35:00;31:28:00;29:31:00;29:31:00;31:30:00;32:31:00;31:34:00;35:00:00;35:00:00;35:00:00;35:00:00;35:00:00;35:00:00;35:00:00;35:00:00;35:00:00;33:33:00;35:00:00
;6:05:00;6:02:00;5:33:00;6:13:00;3:19:00;4:49:00;2:56:00;3:34:00;4:06:00;4:04:00;1:58:00;3:09:00;3:05:00;2:26:00;3:32:00;3:50:00;3:46:00;4:29:00;4:30:00;5:11:00;4:58:00;4:53:00;5:38:00;5:08:00;5:09:00;5:09:00;5:05:00;5:14:00;4:44:00;4:06:00;4:06:00;3:31:00;3:36:00;3:31:00;3:43:00;3:43:00;3:18:00;3:03:00;3:35:00;3:34:00;2:44:00;3:21:00;2:38:00;3:45:00;3:41:00;3:30:00;4:03:00;4:03:00;2:59:00;4:09:00;4:03:00;4:30:00;4:02:00;4:15:00;4:03:00;0:01:00;3:20:00;4:02:00;4:00:00;3:57:00;4:02:00;5:01:00;3:01:00;2:16:00;3:48:00;4:30:00;2:27:00;5:20:00;4:44:00;3:54:00;3:42:00;3:27:00;3:16:00;3:41:00;2:13:00;2:02:00;0:00:00;1:23:00
;"Enlevé";"Enlevé";"Enlevé";"Euthanasie";"Oubli de";"Enlevé";"Export";"Enlevé";"Maladie";"Faim";"NRJ bas rpd";"pas de Pb";"Kill!";"Vieillesse";"Maladie";"""Injection""";"Maladie";"Vieillesse";"Kill!";"Kill!";"Kill!";"Kill!";"Kill!";"Kill!";"Kill!";"Kill!";"Kill!";"Kill!";"Maladie?";"Kill!";"Kill!";"empoison°";"Kill!";"Kill!";"Kill!";"Kill!";"Kill!";"Kill!";"Export";"Export";"Export";"Export";"Export";"Mort nat. ";"Export";"Kill";"Kill";"Kill";"empoischampi";"Kill";"Kill";"Kill";"Kill";"Kill";"Kill";"Mort né";"kill";"Kill";"Kill";"Kill";"Kill";"Kill";"Maladie inc?";"Maladie  inc?";"Kill";"(Kill)";"Maladie inc?";;;;;;;;;;"mortnée";
;;;;"(toxines)";"se nourrir";;"oeuf bloqué 8";;;;"Orig géné?";"Maladie";;"accélérée";;;;;;;;;;;;;;"Absorb food≠?";;;;"Id.  Tuck?";;;"Id. Tuck?";;"MUTANT!";;;;;;"desc1 steevy";"faim?";"MUTANT !";"desc1 steevy";;;;"n50";;"desc1 monica";"oeufn50";;;"desc1monica";"desc2 monica";"""Brrr"" fréq.";"desc3 monica";;;;;;"""Brrr"" fréq.";;"pas mut";;"MUT-""Brrr""";;;;;;;;;
;;;;;;;;;;;;;;;;;;;;;;;;;;;;;;;;;;;;;;;;;;;"Œuf bloc 8";;"""Brrr""";"-";;;;;;;;;;"MUTANT!";;"mutant spé";;;;;;;"desc1 bastet";;"desc1 nout";;"desc1 nout";;"desc1 God";"desc1 God";"desc1 God";"desc1 Amon";"desc12 God";"desc1 God";"desc2 god";
"ID";"6BAD";"7RMN";"4BLS";"7ESX";"0QTF";"8PLA";"5PWJ";"1IET";"2TTE";"7WKO";"4XTO";"8BJX";"1SAB";"8EKC";"5XTQ";"0DNX";"2LFG";"5HHO";"4WJI";"7TOB";"4CSK";"5EXE";"6DJE";"5FZM";"4XLH";"8CEB";"5XDT";"0WKW";"0EKI";"6OAT";"6AFR";"6XSB";"0GSH";"1HIZ";"4KGT";"6DCY";"8ARU";"9PST";"1TVM";"0SFQ";"1ATH";"8DSH";"9BKB";"5QIZ";"5XCE";"1KLA";"8PTH";"3FHJ";"0CFZ";"9HYB";"0UBY";"6YOL";"1LYO";"3QBR";"3AQO";"3LLO";"0QIU";"6MDX";"9OIZ";"5ANG";"8GKF";"6NGJ";"7TFO";"2XFP";"5LEN";"5HSF";"6MFQ";"5RCQ";"0AWL";"9LMK";"2KGG";"6ZJE";"1SHD";"6YJC";"9CWE";"8HRY";"5CBL";"0CMG"
"Enfants";6;6;2;0;2;3;0;1;5;4;2;3;4;3;3;1;1;2;1;1;0;0;1;4;3;3;3;1;4;1;1;1;2;3;2;3;2;4;1;0;2;3;0;3;2;3;2;1;2;0;2;2;0;3;1;0;2;2;3;3;0;4;0;0;2;3;2;5;2;2;2;0;1;0;0;0;0;0
;"4BLS";"4BLS";"4XTO";;"4XTO";"1SAB";;;"8BJX";"1SAB";"8BJX";"4CSK";"5EXE";"5EXE";"4CSK";"4XLH";;"4XLH";"5XDT";"5XDT";;;;"0EKI";"0EKI";"6AFR";"6AFR";;"4KGT";"4KGT";;;"1ATH";;;;;"1ATH";;;"8PTH";"8PTH";;"9HYB";;"9HYB";"6MDX";"6MDX";"3AQO";;"3AQO";"8GKF";;"5ANG";"5ANG";;;"8GKF";"6NGJ";"6NGJ";;"6MFQ";;;"6MFQ";"2KGG";;"2KGG";"0CMG";"0CMG";"5CBL";;"5CBL";;;;;
;"7ESX";"7ESX";;;;"8EKC";;;;"8EKC";;;"6DJE";"6DJE";"8CEB";;"8CEB";;;;;;"6OAT";"6OAT";"1HIZ";"1HIZ";"1TVM";;"9PST";;;"1TVM";"5QIZ";"9PST";;"5QIZ";"9BKB";"9BKB";;;"0CFZ";"0CFZ";;"1LYO";"6YOL";"6YOL";"1LYO";;"0QIU";;;"0QIU";;"9OIZ";;;"9OIZ";"5LEN";"2XFP";"2XFP";;"5LEN";;;;"6YJC";"6ZJE";"6ZJE";"6YJC";;;;;;;;;
;"0QTF";"0QTF";;;;"0DNX";;;"2LFG";"2LFG";;"5FZM";"0DNX";"5FZM";"0WKW";;;"0WKW";;;;;;"6XSB";"8ARU";"6DCY";"6XSB";"8ARU";"0SFQ";;"6DCY";;;"0SFQ";"5XCE";"1KLA";"1KLA";"5XCE";"0UBY";;;"0UBY";;"3QBR";"3LLO";"3QBR";;;;;"3LLO";;;"7TFO";;;"7TFO";;"5HSF";"5HSF";;"0AWL";;;"0AWL";"1HSD";;"1HSD";;;;;;;;;;
;"8PLA";"8PLA";;;;;;"5XTQ";"5HHO";;"5XTQ";"5HHO";;;;;;;;;;;;"OGSH";;;;;"0GSH";;;;;"8DSH";"3FHJ";"8DSH";;"3FHJ";;;;;;;;;;;;;;;;;;;;;;;;"9LMK";;;;;"9LMK";"9CWE";;;"9CWE";;;;;;;
;"5PWJ";"5PWJ";;;;;;;"4WJI";;;;"4WJI";;;;;;;;;;;;;;;;;;;;;;;;;;;;;;;;;;;;;;;;;;;;;;;;;;;;;;;"8HRY";;"8HRY";;;;;;;;
;"1IET";"2TTE";"2TTE";;"1IET";;;;"7TOB";"7TOB";;;;;;;;;;;;;;;;;;;;;;;;;;;;;;;;;;;;;;;;;;;;;;;;;;;;;;;;;;;;;;;;;;;;
;;;;;;;;;;;;;;;;;;;;;;;;;;;;;;;;;;;;;;;;;;;;;;;;;;;;;;;;;;;;;;;;;;;;;;;;;;;;;;
;;;;;;;;;;;;;;;;;;;;;;;;;;;;;;;;;;;;;;;;;;;;;;;;;;;;;;;;;;;;;;;;;;;;;;;;;;;;;;
;;;;;;;;;;;;;;;;;;;;;;;;;;;;;;;;;;;;;;;;;;;;;;;;;;;;;;;;;;;;;;;;;;;;;;;;;;;;;;
;;;;;;;;;;;;;;;;;;;;;;;;"Stats 2";"Naissances";"Mort";"Populaion";"Croissance";;"Graphes";;;;;;;;;;;;;;;;;;;;;;;;;;;;;;;;;;;;;;;;;;;;;;;;
;78;39;39;;;;;;;;;;;;;;;;;;;;;0:00:00;0;0;0;0;;;;;;;;;;;;;;;;;;;;;;;;;;;;;;;;;;;;;;;;;;;;;;;;;;
"Nom";"Moyenne";"Males";"Femelles";"Ecart-type";;"Notes";;;;;;;;;;;;;;;;;;1:00:00;2;0;2;2;;;;;;;;;;;;;;;;;;;;;;;;;;;;;;;;;;;;;;;;;;;;;;;;;;
"sexe";1,5;1;2;0,5;;;;;;;;"Grendel";"Ron";"Ronde";"Rontre";;"Moyenne";;;;;;;2:00:00;2;0;2;0;;;;;;;;;;;;;;;;;;;;;;;;;;;;;;;;;;;;;;;;;;;;;;;;;;
"génération";8,04;7,82;8,26;4,48;;"Les lobes ne sont pas comptés dans les gènes";;;;;;1;1;1;1;;1;;;;;;;3:00:00;4;0;4;2;;;;;;;;;;;;;;;;;;;;;;;;;;;;;;;;;;;;;;;;;;;;;;;;;;
"code";1319,66;1321,38;1284,1;129,65;;"sexe1=male ; sexe2=femelle";;;;;;1;1;1;1;;1;;;;;;;4:00:00;5;0;5;1;;;;;;;;;;;;;;;;;;;;;;;;;;;;;;;;;;;;;;;;;;;;;;;;;;
"ID";;;;;;"Malun et Femun enlevés à 6:10, réintroduction Nova/Waza (2min d'absence)";;;;;;0;0;0;0;;0;;;;;;;5:00:00;6;0;6;1;;;;;;;;;;;;;;;;;;;;;;;;;;;;;;;;;;;;;;;;;;;;;;;;;;
"nb gènes";265,55;264,08;267,03;1,54;;;;;;;;"6JHJ";"8PEQ";"7WEW";"4AKW";;"/";;;;;;;6:00:00;8;0;8;2;;;;;;;;;;;;;;;;;;;;;;;;;;;;;;;;;;;;;;;;;;;;;;;;;;
"Nucléotides";2124,41;2112,62;2136,21;12,34;;"vu la reproduction, enlever les Norns vieux de plus de 5-6 heures";;;;;;215;215;215;215;;215;;;;;;;7:00:00;11;3;8;0;;;;;;;;;;;;;;;;;;;;;;;;;;;;;;;;;;;;;;;;;;;;;;;;;;
"N/G";8;8;8;0;;"En effet, leur espérance de vie est trop longue par rapport à la vitesse et";;;;;;1720;1720;1720;1720;;1720;;;;;;;8:00:00;11;4;7;-1;;;;;;;;;;;;;;;;;;;;;;;;;;;;;;;;;;;;;;;;;;;;;;;;;;
"Recepteurs CH";41,03;40,05;42;1,01;;"au taux de reproduction (une femelle pouvant avoir plus de 4  enfants)";;;;;;8;8;8;8;;8;;;;;;;9:00:00;15;6;9;2;;;;;;;;;;;;;;;;;;;;;;;;;;;;;;;;;;;;;;;;;;;;;;;;;;
;328,21;320,41;336;8,05;;;;;;;;39;39;39;39;;39;;;;;;;10:00:00;20;9;11;2;;;;;;;;;;;;;;;;;;;;;;;;;;;;;;;;;;;;;;;;;;;;;;;;;;
"Emetteurs CH";23,01;22,03;24;1,04;;"épidémie vers 610-630, non mortelle, chronique pour Ralph";;;;;;312;312;312;312;;312;;;;;;;11:00:00;23;11;12;1;;;;;;;;;;;;;;;;;;;;;;;;;;;;;;;;;;;;;;;;;;;;;;;;;;
;184,1;176,21;192;8,31;;;;;;;;12;12;12;12;;12;;;;;;;12:00:00;26;14;12;0;;;;;;;;;;;;;;;;;;;;;;;;;;;;;;;;;;;;;;;;;;;;;;;;;;
"Reactions CH";55,54;55,05;56,03;0,53;;"Problème génétique pour alice et ses descendantes : NRJ en baisse cte";;;;;;96;96;96;96;;96;;;;;;;13:00:00;27;17;10;-2;;;;;;;;;;;;;;;;;;;;;;;;;;;;;;;;;;;;;;;;;;;;;;;;;;
;444,31;440,41;448,21;4,22;;;;;;;;44;44;44;44;;44;;;;;;;14:00:00;29;17;12;2;;;;;;;;;;;;;;;;;;;;;;;;;;;;;;;;;;;;;;;;;;;;;;;;;;
"Apparence";4;4;4;0;;;;;;;;352;352;352;352;;352;;;;;;;15:00:00;31;19;12;0;;;;;;;;;;;;;;;;;;;;;;;;;;;;;;;;;;;;;;;;;;;;;;;;;;
;32;32;32;0;;"10:00:00 score=6100";;"0.5 gen./heure";;;;4;4;4;4;;4;;;;;;;16:00:00;34;22;12;0;;;;;;;;;;;;;;;;;;;;;;;;;;;;;;;;;;;;;;;;;;;;;;;;;;
"Posture";104;104;104;0;;">>>l'espérance de vie (15 heures) est donc trop longue… (plutôt 4-6 heures)";;;;;;32;32;32;32;;32;;;;;;;17:00:00;37;26;11;-1;;;;;;;;;;;;;;;;;;;;;;;;;;;;;;;;;;;;;;;;;;;;;;;;;;
;832;832;832;0;;"11:30:00 Score=8198";;;;;;103;103;103;103;;103;;;;;;;18:00:00;40;27;13;2;;;;;;;;;;;;;;;;;;;;;;;;;;;;;;;;;;;;;;;;;;;;;;;;;;
"Démarche";8;8;8;0;;">>>Leur nombre augmente exponentiellement et déjà 6ème génération";;;;;;824;824;824;824;;824;;;;;;;19:00:00;43;31;12;-1;;;;;;;;;;;;;;;;;;;;;;;;;;;;;;;;;;;;;;;;;;;;;;;;;;
;64;64;64;0;;"12:30 Individus de plus de 3:45 à éliminer";;;;;;8;8;8;8;;8;;;;;;;20:00:00;46;34;12;0;;;;;;;;;;;;;;;;;;;;;;;;;;;;;;;;;;;;;;;;;;;;;;;;;;
"Instincts";17,97;18,95;17;1,01;;"13:08 OWKW (5HHO/5XTQ)";;"score=9274";;;;64;64;64;64;;64;;;;;;;21:00:00;49;38;11;-1;;;;;;;;;;;;;;;;;;;;;;;;;;;;;;;;;;;;;;;;;;;;;;;;;;
;143,79;151,59;136;8,05;;"14:20 : score=10488";;;;;;5;5;5;5;;5;;;;;;;22:00:00;52;43;9;-2;;;;;;;;;;;;;;;;;;;;;;;;;;;;;;;;;;;;;;;;;;;;;;;;;;
"Pigments";12;12;12;0;;"Pas plus de 12 norns en même temps : tuer les 2 plus vieux si œuf(s)";;;;;;40;40;40;40;;40;;;;;;;23:00:00;55;44;11;2;;;;;;;;;;;;;;;;;;;;;;;;;;;;;;;;;;;;;;;;;;;;;;;;;;
;96;96;96;0;;"16:52 naissance de Steevy : mutant émetteur chimique";;;;;;0;0;0;0;;0;;;;;;;24:00:00;58;48;10;-1;;;;;;;;;;;;;;;;;;;;;;;;;;;;;;;;;;;;;;;;;;;;;;;;;;
"Lobes";9;9;9;0;;"19:44 monica : mutant reactions chimiques";;;"Indolore, lié au glycogène ou à l'amidon??";;;0;0;0;0;;0;;;;;;;25:00:00;59;50;9;-1;;;;;;;;;;;;;;;;;;;;;;;;;;;;;;;;;;;;;;;;;;;;;;;;;;
;954;954;954;0;;;"Transmission létale pour males";;;;;9;9;9;9;;9;;;;;;;26:00:00;61;53;8;-1;;;;;;;;;;;;;;;;;;;;;;;;;;;;;;;;;;;;;;;;;;;;;;;;;;
"Yeux";0,39;0,33;0,44;0,69;;"24:00 score=20775";;"Bastet : gène altéré comme monica sans gène en plus";;;;954;954;954;954;;954;;;;;;;27:00:00;63;57;6;-2;;;;;;;;;;;;;;;;;;;;;;;;;;;;;;;;;;;;;;;;;;;;;;;;;;
"Cheveux";1,56;1,56;1,56;0,62;;"29:30 anubis et shit atteint d'une maladie ""incurable"" qui fait consommer très vite NRJ";;;;;;;;;;;;;;;;;;28:00:00;65;57;8;2;;;;;;;;;;;;;;;;;;;;;;;;;;;;;;;;;;;;;;;;;;;;;;;;;;
"Oreilles";0,94;0,77;1,1;0,52;;"29:38 introduction d'un œuf ""mâle"" pour introduire variabilité génétique";;;;;;;;;;;;;;;;;;29:00:00;66;59;7;-1;;;;;;;;;;;;;;;;;;;;;;;;;;;;;;;;;;;;;;;;;;;;;;;;;;
"Postérieur";0,55;0,62;0,49;0,66;;;;;;;;;;;;;;;;;;;;30:00:00;68;63;5;-2;;;;;;;;;;;;;;;;;;;;;;;;;;;;;;;;;;;;;;;;;;;;;;;;;;
"Bras";0,86;0,95;0,77;0,35;;;;;;;;;;;;;;;;;;;;31:00:00;69;63;6;1;;;;;;;;;;;;;;;;;;;;;;;;;;;;;;;;;;;;;;;;;;;;;;;;;;
"Queue";0,54;0,51;0,56;0,5;;;;;;;;;;;;;;;;;;;;32:00:00;74;66;8;2;;;;;;;;;;;;;;;;;;;;;;;;;;;;;;;;;;;;;;;;;;;;;;;;;;
;;;;;;;;;;;;;;;;;;;;;;;;33:00:00;76;67;9;1;;;;;;;;;;;;;;;;;;;;;;;;;;;;;;;;;;;;;;;;;;;;;;;;;;
"Parents";;;;;;;;;;;;;;;;;;;;;;;;34:00:00;78;68;10;1;;;;;;;;;;;;;;;;;;;;;;;;;;;;;;;;;;;;;;;;;;;;;;;;;;
"Naiss";17:37:33;17:33:45;17:41:22;09:07:38;;;;;;;;;;;;;;;;;;;;35:00:00;78;68;10;0;;;;;;;;;;;;;;;;;;;;;;;;;;;;;;;;;;;;;;;;;;;;;;;;;;
"Mort";21:26:58;21:30:40;21:23:17;08:41:13;;;;;;;;0:05:00;10:33:00;21:00:00;30:43:00;;15:35:15;;;;;;;;;;;;;;;;;;;;;;;;;;;;;;;;;;;;;;;;;;;;;;;;;;;;;;;;;;;;;
;3:49:25;3:56:55;3:41:55;-0:26:25;;;;;;;;10:33:00;21:00:00;30:38:00;;;20:43:40;;;;;;;;;;;;;;;;;;;;;;;;;;;;;;;;;;;;;;;;;;;;;;;;;;;;;;;;;;;;;
;;;;;;;;;;;;;;;;;;;;;;;;;;;;;;;;;;;;;;;;;;;;;;;;;;;;;;;;;;;;;;;;;;;;;;;;;;;;;;
;;;;;;;;;;;;;;;;;;;;;;;;;;;;;;;;;;;;;;;;;;;;;;;;;;;;;;;;;;;;;;;;;;;;;;;;;;;;;;
;;;;;;"Code  qualitatifs des gènes d'apparence";;;;;;;;;;;;;;;;;;;;;;;;;;;;;;;;;;;;;;;;;;;;;;;;;;;;;;;;;;;;;;;;;;;;;;;;
;;;;;;"Yeux";"Vert=0";"Bleu=1";"Marron=2";;;10:28:00;10:27:00;9:38:00;-30:43:00;0:00:00;5:08:25;;;;;;;;;;;;;;;;;;;;;;;;;;;;;;;;;;;;;;;;;;;;;;;;;;;;;;;;;;;;;
"Enfants";1,9;1,87;1,9;1,51;;"Peau/organe";"Foncé=0";"Clair=1";"Noir=-1";;;;;;;;;;;;;;;;;;;;;;;;;;;;;;;;;;;;;;;;;;;;;;;;;;;;;;;;;;;;;;;;;;;;;
;;;;;;"Oreilles";"Tombantes=0";"Rondes=1";"rondesroses=2";;;;;;;;;;;;;;;;;;;;;;;;;;;;;;;;;;;;;;;;;;;;;;;;;;;;;;;;;;;;;;;;;;;;;
;;;;;;"Cheveux";"Fchauve=0";"Blanc=1";"blonc=2";;;;;;;;;;;;;;;;;;;;;;;;;;;;;;;;;;;;;;;;;;;;;;;;;;;;;;;;;;;;;;;;;;;;;
;;;;;;;"Note :  crête+cornes=blond chez mâles";;;;;;;;;;;;;;;;;;;;;;;;;;;;;;;;;;;;;;;;;;;;;;;;;;;;;;;;;;;;;;;;;;;;;;;
